macrogenre,origin,latitude,longitude,All genre,African Contemporary,Asian & Middle Eastern,Caribbean,Classical & Orchestral,Comedy,Country,Electronic,Experimental,Folk / Roots,Hip-Hop,Holiday,Italian Disco & Dance,Jazz & Blues,Latin & Regional Mexican,Metal,Pop,R&B,Rock & Alternative,Soundtrack & Stage
African Contemporary,Nigeria,9.081999,8.675277,75.4,75.4,,,,,,,,,,,,,,,,,,
African Contemporary,South Africa,-30.559482,22.937506,21.03,21.03,,,,,,,,,,,,,,,,,,
African Contemporary,West Africa,12.0,-3.0,3.17,3.17,,,,,,,,,,,,,,,,,,
African Contemporary,Ghana,7.946527,-1.023194,1.19,1.19,,,,,,,,,,,,,,,,,,
Asian & Middle Eastern,India,20.593684,78.96288,33.33,,33.33,,,,,,,,,,,,,,,,,
Asian & Middle Eastern,India (Punjab),31.1471,75.3412,33.33,,33.33,,,,,,,,,,,,,,,,,
Asian & Middle Eastern,Philippines,12.879721,121.774017,33.33,,33.33,,,,,,,,,,,,,,,,,
Caribbean,Jamaica,18.109581,-77.297508,100.0,,,100.0,,,,,,,,,,,,,,,,
Classical & Orchestral,United Kingdom,55.378051,-3.435973,47.42,,,,47.42,,,,,,,,,,,,,,
Classical & Orchestral,Italy,41.87194,12.56738,30.19,,,,30.19,,,,,,,,,,,,,,
Classical & Orchestral,Europe,48.526,15.2551,22.57,,,,22.57,,,,,,,,,,,,,,
Classical & Orchestral,France,46.227638,2.213749,0.22,,,,0.22,,,,,,,,,,,,,,
Comedy,United States,37.09024,-95.712891,100.0,,,,,100.0,,,,,,,,,,,,,
Country,United States,37.09024,-95.712891,98.39,,,,,,98.39,,,,,,,,,,,,
Country,United States (Texas),31.0,-100.0,2.01,,,,,,2.01,,,,,,,,,,,,
Electronic,United States,37.09024,-95.712891,31.29,,,,,,,31.29,,,,,,,,,,,
Electronic,Germany,51.165691,10.451526,29.27,,,,,,,29.27,,,,,,,,,,,
Electronic,Italy,41.87194,12.56738,10.7,,,,,,,10.7,,,,,,,,,,,
Electronic,Germany,51.165691,10.451526,10.7,,,,,,,10.7,,,,,,,,,,,
Electronic,United States (Chicago),41.878113,-87.629799,14.08,,,,,,,14.08,,,,,,,,,,,
Electronic,United Kingdom,55.378051,-3.435973,4.01,,,,,,,4.01,,,,,,,,,,,
Electronic,Netherlands,52.132633,5.291266,0.39,,,,,,,0.39,,,,,,,,,,,
Electronic,Germany (Detroit roots),42.331427,-83.045754,0.37,,,,,,,0.37,,,,,,,,,,,
Experimental,United Kingdom,55.378051,-3.435973,67.07,,,,,,,,67.07,,,,,,,,,,
Experimental,United States,37.09024,-95.712891,33.33,,,,,,,,33.33,,,,,,,,,,
Folk / Roots,United States,37.09024,-95.712891,66.36,,,,,,,,,66.36,,,,,,,,,
Folk / Roots,United States,37.09024,-95.712891,8.72,,,,,,,,,8.72,,,,,,,,,
Folk / Roots,United Kingdom,55.378051,-3.435973,8.72,,,,,,,,,8.72,,,,,,,,,
Folk / Roots,United States (Louisiana),30.9843,-91.9623,12.27,,,,,,,,,12.27,,,,,,,,,
Folk / Roots,Ireland,53.4129,-8.2439,1.56,,,,,,,,,1.56,,,,,,,,,
Folk / Roots,Scotland,56.4907,-4.2026,1.56,,,,,,,,,1.56,,,,,,,,,
Folk / Roots,United Kingdom,55.378051,-3.435973,1.06,,,,,,,,,1.06,,,,,,,,,
Folk / Roots,Central Europe,50.0,15.0,0.8,,,,,,,,,0.8,,,,,,,,,
Folk / Roots,Europe,48.526,15.2551,0.16,,,,,,,,,0.16,,,,,,,,,
Hip-Hop,United States (Bronx NYC),40.8448,-73.8648,52.28,,,,,,,,,,52.28,,,,,,,,
Hip-Hop,United States,37.09024,-95.712891,41.08,,,,,,,,,,41.08,,,,,,,,
Hip-Hop,United States (Atlanta),33.749,-84.388,2.5,,,,,,,,,,2.5,,,,,,,,
Hip-Hop,United States (Chicago),41.878113,-87.629799,2.5,,,,,,,,,,2.5,,,,,,,,
Hip-Hop,United States (Memphis),35.1495,-90.049,2.05,,,,,,,,,,2.05,,,,,,,,
Hip-Hop,United States (Bay Area),37.7749,-122.4194,0.35,,,,,,,,,,0.35,,,,,,,,
Hip-Hop,United Kingdom,55.378051,-3.435973,0.22,,,,,,,,,,0.22,,,,,,,,
Hip-Hop,United States (Los Angeles),34.0522,-118.2437,0.2,,,,,,,,,,0.2,,,,,,,,
Hip-Hop,United States (East Coast),40.0,-74.0,0.03,,,,,,,,,,0.03,,,,,,,,
Holiday,Europe,48.526,15.2551,67.07,,,,,,,,,,,67.07,,,,,,,
Holiday,United States,37.09024,-95.712891,33.33,,,,,,,,,,,33.33,,,,,,,
Italian Disco & Dance,Italy,41.87194,12.56738,100.0,,,,,,,,,,,,100.0,,,,,,
Jazz & Blues,United States,37.09024,-95.712891,99.32,,,,,,,,,,,,,99.32,,,,,
Jazz & Blues,United Kingdom,55.378051,-3.435973,1.02,,,,,,,,,,,,,1.02,,,,,
Jazz & Blues,Brazil,-14.235004,-51.92528,0.06,,,,,,,,,,,,,0.06,,,,,
Latin & Regional Mexican,United States,37.09024,-95.712891,12.8,,,,,,,,,,,,,,12.8,,,,
Latin & Regional Mexican,Latin America,-10.0,-60.0,12.8,,,,,,,,,,,,,,12.8,,,,
Latin & Regional Mexican,Dominican Republic,18.735693,-70.162651,20.6,,,,,,,,,,,,,,20.6,,,,
Latin & Regional Mexican,Mexico,23.634501,-102.552784,19.38,,,,,,,,,,,,,,19.38,,,,
Latin & Regional Mexican,Cuba,21.521757,-77.781167,15.9,,,,,,,,,,,,,,15.9,,,,
Latin & Regional Mexican,Puerto Rico,18.220833,-66.590149,10.49,,,,,,,,,,,,,,10.49,,,,
Latin & Regional Mexican,Latin America,-10.0,-60.0,4.8,,,,,,,,,,,,,,4.8,,,,
Latin & Regional Mexican,Cuba,21.521757,-77.781167,0.61,,,,,,,,,,,,,,0.61,,,,
Latin & Regional Mexican,Puerto Rico,18.220833,-66.590149,0.61,,,,,,,,,,,,,,0.61,,,,
Latin & Regional Mexican,Chile,-35.6751,-71.543,0.65,,,,,,,,,,,,,,0.65,,,,
Latin & Regional Mexican,Puerto Rico,18.220833,-66.590149,0.65,,,,,,,,,,,,,,0.65,,,,
Latin & Regional Mexican,Brazil,-14.235004,-51.92528,1.01,,,,,,,,,,,,,,1.01,,,,
Latin & Regional Mexican,Argentina,-38.416097,-63.616672,0.47,,,,,,,,,,,,,,0.47,,,,
Latin & Regional Mexican,Colombia,4.570868,-74.297333,0.05,,,,,,,,,,,,,,0.05,,,,
Metal,United States,37.09024,-95.712891,95.27,,,,,,,,,,,,,,,95.27,,,
Metal,United Kingdom,55.378051,-3.435973,4.2,,,,,,,,,,,,,,,4.2,,,
Metal,Finland,61.92411,25.748151,0.23,,,,,,,,,,,,,,,0.23,,,
Metal,Germany,51.165691,10.451526,0.23,,,,,,,,,,,,,,,0.23,,,
Metal,Norway,60.472024,8.468946,0.23,,,,,,,,,,,,,,,0.23,,,
Metal,Sweden,60.128161,18.643501,0.23,,,,,,,,,,,,,,,0.23,,,
Pop,United States,37.09024,-95.712891,42.58,,,,,,,,,,,,,,,,42.58,,
Pop,United Kingdom,55.378051,-3.435973,42.58,,,,,,,,,,,,,,,,42.58,,
Pop,United States (California),36.7783,-119.4179,5.27,,,,,,,,,,,,,,,,5.27,,
Pop,United States,37.09024,-95.712891,4.39,,,,,,,,,,,,,,,,4.39,,
Pop,United Kingdom,55.378051,-3.435973,3.0,,,,,,,,,,,,,,,,3.0,,
South Korea,35.907757,127.766922,1.33,1.33,,,,,,,,,,,,,,,,1.33,,
Pop,United States,37.09024,-95.712891,0.54,,,,,,,,,,,,,,,,0.54,,
Pop,Latin America,-10.0,-60.0,0.54,,,,,,,,,,,,,,,,0.54,,
Pop,Sweden,60.128161,18.643501,0.39,,,,,,,,,,,,,,,,0.39,,
Pop,Italy,41.87194,12.56738,0.13,,,,,,,,,,,,,,,,0.13,,
Pop,France,46.227638,2.213749,0.13,,,,,,,,,,,,,,,,0.13,,
Pop,Netherlands,52.132633,5.291266,0.23,,,,,,,,,,,,,,,,0.23,,
Pop,Denmark,56.26392,9.501785,0.14,,,,,,,,,,,,,,,,0.14,,
Pop,India (Tamil Nadu),11.1271,78.6569,0.06,,,,,,,,,,,,,,,,0.06,,
Pop,Colombia,4.570868,-74.297333,0.04,,,,,,,,,,,,,,,,0.04,,
Pop,Continental Europe,50.0,10.0,0.04,,,,,,,,,,,,,,,,0.04,,
Pop,Italy,41.87194,12.56738,0.03,,,,,,,,,,,,,,,,0.03,,
Pop,Norway,60.472024,8.468946,0.03,,,,,,,,,,,,,,,,0.03,,
Pop,Germany,51.165691,10.451526,0.015,,,,,,,,,,,,,,,,0.015,,
Pop,Austria,47.5162,14.5501,0.015,,,,,,,,,,,,,,,,0.015,,
Pop,Taiwan,23.69781,120.960515,0.02,,,,,,,,,,,,,,,,0.02,,
Pop,France,46.227638,2.213749,0.02,,,,,,,,,,,,,,,,0.02,,
Pop,Vietnam,14.058324,108.277199,0.02,,,,,,,,,,,,,,,,0.02,,
Pop,Japan,36.204824,138.252924,0.02,,,,,,,,,,,,,,,,0.02,,
Pop,Germany,51.165691,10.451526,0.02,,,,,,,,,,,,,,,,0.02,,
Pop,Turkey,38.963745,35.243322,0.01,,,,,,,,,,,,,,,,0.01,,
Pop,Hong Kong,22.319303,114.169361,0.0,,,,,,,,,,,,,,,,0.0,,
Pop,China,35.86166,104.195397,0.0,,,,,,,,,,,,,,,,0.0,,
R&B,United States,37.09024,-95.712891,91.25,,,,,,,,,,,,,,,,,91.25,
R&B,United Kingdom,55.378051,-3.435973,6.13,,,,,,,,,,,,,,,,,6.13,
R&B,United States (Detroit),42.331427,-83.045754,3.28,,,,,,,,,,,,,,,,,3.28,
R&B,United States (Philadelphia),39.952584,-75.165222,0.54,,,,,,,,,,,,,,,,,0.54,
Rock & Alternative,United States,37.09024,-95.712891,74.29,,,,,,,,,,,,,,,,,,74.29,
Rock & Alternative,United Kingdom,55.378051,-3.435973,11.8,,,,,,,,,,,,,,,,,,11.8,
Rock & Alternative,United States,37.09024,-95.712891,5.16,,,,,,,,,,,,,,,,,,5.16,
Rock & Alternative,United Kingdom,55.378051,-3.435973,5.16,,,,,,,,,,,,,,,,,,5.16,
Rock & Alternative,United Kingdom,55.378051,-3.435973,1.52,,,,,,,,,,,,,,,,,,1.52,
Rock & Alternative,United States,37.09024,-95.712891,1.52,,,,,,,,,,,,,,,,,,1.52,
Rock & Alternative,United States (Southern US),33.0,-90.0,1.38,,,,,,,,,,,,,,,,,,1.38,
Rock & Alternative,United States (Seattle),47.606209,-122.332071,0.21,,,,,,,,,,,,,,,,,,0.21,
Rock & Alternative,Indonesia,-0.789275,113.921327,0.06,,,,,,,,,,,,,,,,,,0.06,
Rock & Alternative,Netherlands,52.132633,5.291266,0.06,,,,,,,,,,,,,,,,,,0.06,
Rock & Alternative,Japan,36.204824,138.252924,0.06,,,,,,,,,,,,,,,,,,0.06,
Rock & Alternative,Germany,51.165691,10.451526,0.04,,,,,,,,,,,,,,,,,,0.04,
Soundtrack & Stage,United States,37.09024,-95.712891,67.07,,,,,,,,,,,,,,,,,,,67.07
Soundtrack & Stage,Europe,48.526,15.2551,33.33,,,,,,,,,,,,,,,,,,,33.33